business_id,name,address,city,state,postal_code,latitude,longitude,stars_x,review_count,is_open,attributes,categories,hours,split_categories,primary_category
W4ZEKkva9HpAdZG88juwyQ,Mr. B's Bistro,201 Royal St,New Orleans,LA,70130,29.9543868,-90.0683629,4.0,2064,1,"{'NoiseLevel': ""u'average'"", 'RestaurantsReservations': 'True', 'BusinessAcceptsCreditCards': 'True', 'Alcohol': ""'full_bar'"", 'GoodForKids': 'False', 'RestaurantsPriceRange2': '3', 'RestaurantsGoodForGroups': 'True', 'BikeParking': 'False', 'RestaurantsAttire': ""'casual'"", 'Ambience': ""{'romantic': False, 'intimate': False, 'classy': True, 'hipster': False, 'divey': False, 'touristy': False, 'trendy': False, 'upscale': False, 'casual': False}"", 'RestaurantsTableService': 'True', 'DogsAllowed': 'False', 'DriveThru': 'False', 'HasTV': 'True', 'RestaurantsTakeOut': 'True', 'RestaurantsDelivery': 'True', 'OutdoorSeating': 'False', 'WheelchairAccessible': 'True', 'Music': ""{'dj': None, 'background_music': False, 'no_music': False, 'jukebox': None, 'live': False, 'video': False, 'karaoke': None}"", 'CoatCheck': 'False', 'Caters': 'False', 'BusinessParking': ""{u'valet': True, u'garage': True, u'street': False, u'lot': False, u'validated': False}"", 'Smoking': ""u'no'"", 'WiFi': ""u'free'"", 'GoodForMeal': ""{'dessert': None, 'latenight': False, 'lunch': None, 'dinner': True, 'brunch': None, 'breakfast': False}"", 'HappyHour': 'True'}","Bars, Breakfast & Brunch, Restaurants, Barbeque, Cajun/Creole, Cafes, Cocktail Bars, Nightlife","{'Wednesday': '11:30-20:0', 'Thursday': '11:30-20:0', 'Friday': '11:30-20:0', 'Saturday': '11:30-20:0', 'Sunday': '11:30-20:0'}","['Bars', ' Breakfast & Brunch', ' Restaurants', ' Barbeque', ' Cajun/Creole', ' Cafes', ' Cocktail Bars', ' Nightlife']",Bars
8uF-bhJFgT4Tn6DTb27viA,District Donuts Sliders Brew,2209 Magazine St,New Orleans,LA,70130,29.9294259,-90.0770687,4.5,2062,1,"{'RestaurantsPriceRange2': '1', 'RestaurantsReservations': 'False', 'GoodForKids': 'True', 'BusinessAcceptsCreditCards': 'True', 'RestaurantsTakeOut': 'True', 'WiFi': ""u'free'"", 'BusinessParking': ""{'garage': False, 'street': True, 'validated': False, 'lot': True, 'valet': False}"", 'RestaurantsGoodForGroups': 'True', 'RestaurantsAttire': ""u'casual'"", 'BikeParking': 'True', 'NoiseLevel': ""u'average'"", 'WheelchairAccessible': 'True', 'HappyHour': 'True', 'RestaurantsDelivery': 'True', 'Ambience': ""{'touristy': False, 'hipster': True, 'romantic': False, 'divey': False, 'intimate': False, 'trendy': True, 'upscale': False, 'classy': True, 'casual': True}"", 'HasTV': 'False', 'GoodForMeal': ""{'dessert': False, 'latenight': False, 'lunch': True, 'dinner': False, 'brunch': True, 'breakfast': True}"", 'Caters': 'True', 'Alcohol': ""u'beer_and_wine'"", 'DogsAllowed': 'False', 'DriveThru': 'None', 'RestaurantsTableService': 'False', 'OutdoorSeating': 'True'}","Food, Donuts, Burgers, American (Traditional), Coffee & Tea, Restaurants","{'Monday': '7:0-21:0', 'Tuesday': '7:0-21:0', 'Wednesday': '7:0-21:0', 'Thursday': '7:0-21:0', 'Friday': '7:0-21:0', 'Saturday': '7:0-21:0', 'Sunday': '7:0-21:0'}","['Food', ' Donuts', ' Burgers', ' American (Traditional)', ' Coffee & Tea', ' Restaurants']",Food
pym7c6ZFEtmoH16xN2ApBg,Katie's Restaurant & Bar,3701 Iberville St,New Orleans,LA,70119,29.9730943,-90.0959144,4.5,1289,1,"{'RestaurantsGoodForGroups': 'True', 'Alcohol': ""u'full_bar'"", 'RestaurantsPriceRange2': '2', 'WiFi': ""u'no'"", 'OutdoorSeating': 'True', 'BusinessAcceptsCreditCards': 'True', 'RestaurantsAttire': ""u'casual'"", 'RestaurantsTakeOut': 'True', 'HasTV': 'True', 'BikeParking': 'True', 'NoiseLevel': ""u'average'"", 'GoodForKids': 'True', 'Caters': 'True', 'Smoking': ""u'outdoor'"", 'RestaurantsTableService': 'True', 'CoatCheck': 'False', 'BestNights': ""{'monday': False, 'tuesday': False, 'friday': True, 'wednesday': False, 'thursday': True, 'sunday': False, 'saturday': True}"", 'HappyHour': 'True', 'RestaurantsReservations': 'True', 'GoodForDancing': 'False', 'BusinessParking': ""{'garage': False, 'street': True, 'validated': False, 'lot': True, 'valet': False}"", 'DogsAllowed': 'False', 'WheelchairAccessible': 'True', 'RestaurantsDelivery': 'True', 'Music': ""{u'dj': False, u'live': False, u'jukebox': False, u'video': False, u'background_music': False, u'karaoke': False, u'no_music': False}"", 'Ambience': ""{'touristy': False, 'hipster': False, 'romantic': False, 'divey': False, 'intimate': False, 'trendy': False, 'upscale': False, 'classy': True, 'casual': True}"", 'GoodForMeal': ""{u'breakfast': False, u'brunch': True, u'lunch': True, u'dinner': True, u'latenight': False, u'dessert': None}""}","Restaurants, Bars, Nightlife, American (Traditional), Cajun/Creole, Seafood","{'Monday': '11:0-21:0', 'Tuesday': '11:0-21:0', 'Wednesday': '11:0-21:0', 'Thursday': '11:0-21:0', 'Friday': '11:0-22:0', 'Saturday': '11:0-22:0', 'Sunday': '9:0-15:0'}","['Restaurants', ' Bars', ' Nightlife', ' American (Traditional)', ' Cajun/Creole', ' Seafood']",Restaurants
SJIQFKTW6uUsOo29w9IHxw,Mambo's,411 Bourbon St,New Orleans,LA,70130,29.9566684,-90.0676513,4.0,1223,1,"{'Corkage': 'False', 'GoodForKids': 'True', 'Caters': 'True', 'BYOB': 'False', 'RestaurantsReservations': 'True', 'NoiseLevel': ""u'average'"", 'RestaurantsGoodForGroups': 'True', 'BikeParking': 'True', 'BestNights': ""{'monday': False, 'tuesday': False, 'friday': False, 'wednesday': False, 'thursday': False, 'sunday': False, 'saturday': False}"", 'RestaurantsPriceRange2': '2', 'Alcohol': ""u'full_bar'"", 'WheelchairAccessible': 'True', 'RestaurantsTableService': 'True', 'OutdoorSeating': 'True', 'WiFi': ""u'free'"", 'BusinessParking': ""{u'valet': False, u'garage': None, u'street': False, u'lot': None, u'validated': False}"", 'GoodForMeal': ""{u'breakfast': None, u'brunch': None, u'lunch': True, u'dinner': True, u'latenight': True, u'dessert': None}"", 'DogsAllowed': 'False', 'HappyHour': 'True', 'Music': ""{'dj': False, 'background_music': False, 'no_music': False, 'jukebox': False, 'live': False, 'video': False, 'karaoke': False}"", 'HasTV': 'True', 'BusinessAcceptsCreditCards': 'True', 'ByAppointmentOnly': 'False', 'RestaurantsTakeOut': 'True', 'Ambience': ""{'touristy': None, 'hipster': False, 'romantic': False, 'divey': False, 'intimate': None, 'trendy': True, 'upscale': None, 'classy': True, 'casual': True}"", 'RestaurantsDelivery': 'True'}","Cocktail Bars, Soul Food, Nightlife, Food, Desserts, Bars, Seafood, Cajun/Creole, Restaurants","{'Monday': '11:0-1:0', 'Tuesday': '11:0-1:0', 'Wednesday': '11:0-1:0', 'Thursday': '11:0-1:0', 'Friday': '11:0-2:0', 'Saturday': '11:0-2:0', 'Sunday': '11:0-1:0'}","['Cocktail Bars', ' Soul Food', ' Nightlife', ' Food', ' Desserts', ' Bars', ' Seafood', ' Cajun/Creole', ' Restaurants']",Cocktail Bars
JvawJ9bSr22xn4R9oLvl_w,Desire Oyster Bar,300 Bourbon St,New Orleans,LA,70130,29.9555269925,-90.0681538393,4.0,1084,1,"{'RestaurantsAttire': ""'casual'"", 'RestaurantsTakeOut': 'True', 'OutdoorSeating': 'False', 'BusinessParking': ""{'garage': True, 'street': True, 'validated': False, 'lot': False, 'valet': True}"", 'Alcohol': ""u'full_bar'"", 'RestaurantsGoodForGroups': 'True', 'RestaurantsPriceRange2': '2', 'BusinessAcceptsCreditCards': 'True', 'GoodForKids': 'True', 'HasTV': 'True', 'NoiseLevel': ""u'average'"", 'BikeParking': 'False', 'WiFi': ""u'free'"", 'Caters': 'False', 'RestaurantsDelivery': 'False', 'BYOB': 'False', 'Corkage': 'True', 'RestaurantsReservations': 'True', 'Ambience': ""{'touristy': False, 'hipster': False, 'romantic': False, 'divey': False, 'intimate': False, 'trendy': False, 'upscale': False, 'classy': True, 'casual': True}"", 'HappyHour': 'True', 'RestaurantsTableService': 'True', 'WheelchairAccessible': 'True', 'GoodForMeal': ""{'dessert': None, 'latenight': None, 'lunch': True, 'dinner': True, 'brunch': None, 'breakfast': None}""}","Southern, Event Planning & Services, Restaurants, Cajun/Creole, Seafood, Live/Raw Food, Hotels & Travel, Hotels","{'Monday': '7:0-21:0', 'Tuesday': '7:0-21:0', 'Wednesday': '7:0-21:0', 'Thursday': '7:0-21:0', 'Friday': '7:0-22:0', 'Saturday': '7:0-22:0', 'Sunday': '7:0-21:0'}","['Southern', ' Event Planning & Services', ' Restaurants', ' Cajun/Creole', ' Seafood', ' Live/Raw Food', ' Hotels & Travel', ' Hotels']",Southern
jMZ56S8Y1t7cA1Ob-d-qeA,Three Muses,536 Frenchmen St,New Orleans,LA,70116,29.9632273,-90.0579277,4.0,1165,1,"{'RestaurantsPriceRange2': '2', 'RestaurantsAttire': ""u'casual'"", 'HasTV': 'False', 'RestaurantsDelivery': 'False', 'BusinessParking': ""{'garage': False, 'street': True, 'validated': False, 'lot': False, 'valet': False}"", 'Caters': 'True', 'WiFi': ""u'free'"", 'BusinessAcceptsCreditCards': 'True', 'BusinessAcceptsBitcoin': 'False', 'BikeParking': 'True', 'NoiseLevel': ""u'average'"", 'Alcohol': ""u'full_bar'"", 'BestNights': ""{'monday': False, 'tuesday': False, 'friday': True, 'wednesday': False, 'thursday': True, 'sunday': False, 'saturday': True}"", 'GoodForDancing': 'False', 'Ambience': ""{'touristy': False, 'hipster': False, 'romantic': False, 'divey': False, 'intimate': False, 'trendy': False, 'upscale': False, 'classy': True, 'casual': True}"", 'GoodForKids': 'True', 'Music': ""{'dj': False, 'background_music': False, 'no_music': False, 'jukebox': False, 'live': True, 'video': False, 'karaoke': False}"", 'DogsAllowed': 'False', 'GoodForMeal': ""{'dessert': None, 'latenight': None, 'lunch': False, 'dinner': True, 'brunch': False, 'breakfast': False}"", 'RestaurantsGoodForGroups': 'True', 'RestaurantsReservations': 'True', 'OutdoorSeating': 'None', 'RestaurantsTakeOut': 'True'}","Nightlife, Jazz & Blues, American (New), Music Venues, Restaurants, Gastropubs, Arts & Entertainment","{'Thursday': '16:0-22:0', 'Friday': '16:0-22:0', 'Saturday': '16:0-22:0', 'Sunday': '16:0-22:0'}","['Nightlife', ' Jazz & Blues', ' American (New)', ' Music Venues', ' Restaurants', ' Gastropubs', ' Arts & Entertainment']",Nightlife
GBTPC53ZrG1ZBY3DT8Mbcw,Luke,333 Saint Charles Ave,New Orleans,LA,70130,29.9507416316,-90.0704155423,4.0,4554,1,"{'RestaurantsReservations': 'True', 'RestaurantsGoodForGroups': 'True', 'Alcohol': ""'full_bar'"", 'BusinessAcceptsCreditCards': 'True', 'WiFi': ""u'free'"", 'NoiseLevel': ""u'average'"", 'GoodForKids': 'False', 'RestaurantsTakeOut': 'True', 'Caters': 'True', 'RestaurantsPriceRange2': '2', 'Music': ""{'dj': False, 'background_music': False, 'no_music': False, 'jukebox': False, 'live': False, 'video': False, 'karaoke': False}"", 'ByAppointmentOnly': 'False', 'Smoking': ""u'no'"", 'DogsAllowed': 'False', 'CoatCheck': 'False', 'BestNights': ""{'monday': False, 'tuesday': False, 'friday': True, 'wednesday': False, 'thursday': False, 'sunday': False, 'saturday': False}"", 'HappyHour': 'True', 'GoodForMeal': ""{'dessert': False, 'latenight': False, 'lunch': None, 'dinner': True, 'brunch': None, 'breakfast': None}"", 'BusinessParking': ""{'garage': False, 'street': True, 'validated': False, 'lot': False, 'valet': True}"", 'HasTV': 'True', 'RestaurantsAttire': ""'casual'"", 'OutdoorSeating': 'None', 'WheelchairAccessible': 'True', 'BikeParking': 'False', 'BusinessAcceptsBitcoin': 'False', 'RestaurantsDelivery': 'True', 'RestaurantsTableService': 'True', 'Ambience': ""{'touristy': False, 'hipster': False, 'romantic': False, 'divey': False, 'intimate': False, 'trendy': False, 'upscale': False, 'classy': True, 'casual': False}"", 'GoodForDancing': 'False'}","German, Restaurants, Seafood, Cocktail Bars, French, Brasseries, American (New), Nightlife, Bars, Cajun/Creole, Breakfast & Brunch","{'Monday': '7:0-21:0', 'Tuesday': '7:0-21:0', 'Wednesday': '7:0-21:0', 'Thursday': '7:0-21:0', 'Friday': '7:0-22:0', 'Saturday': '7:0-22:0', 'Sunday': '7:0-21:0'}","['German', ' Restaurants', ' Seafood', ' Cocktail Bars', ' French', ' Brasseries', ' American (New)', ' Nightlife', ' Bars', ' Cajun/Creole', ' Breakfast & Brunch']",German
g04aAvgol7IW8buqSbT4xA,Cafe Fleur De Lis,307 Chartres St,New Orleans,LA,70116,29.9544944572,-90.0665915385,4.0,1865,1,"{'RestaurantsReservations': 'False', 'Alcohol': ""'full_bar'"", 'BusinessAcceptsCreditCards': 'True', 'RestaurantsPriceRange2': '2', 'RestaurantsAttire': ""'casual'"", 'GoodForKids': 'True', 'NoiseLevel': ""u'average'"", 'RestaurantsGoodForGroups': 'True', 'BikeParking': 'True', 'Caters': 'False', 'RestaurantsTableService': 'True', 'HasTV': 'True', 'RestaurantsDelivery': 'None', 'DogsAllowed': 'False', 'GoodForMeal': ""{'dessert': False, 'latenight': False, 'lunch': True, 'dinner': False, 'brunch': True, 'breakfast': True}"", 'Ambience': ""{'touristy': False, 'hipster': False, 'romantic': False, 'divey': False, 'intimate': False, 'trendy': False, 'upscale': False, 'classy': True, 'casual': True}"", 'WiFi': ""u'free'"", 'HappyHour': 'False', 'RestaurantsTakeOut': 'True', 'OutdoorSeating': 'None', 'BusinessParking': ""{u'valet': False, u'garage': False, u'street': True, u'lot': True, u'validated': False}""}","Breakfast & Brunch, Coffee & Tea, Food, Restaurants","{'Monday': '7:0-13:0', 'Tuesday': '7:0-13:0', 'Wednesday': '7:0-13:0', 'Thursday': '7:0-13:0', 'Friday': '7:0-13:0', 'Saturday': '7:0-14:0', 'Sunday': '7:0-14:0'}","['Breakfast & Brunch', ' Coffee & Tea', ' Food', ' Restaurants']",Breakfast & Brunch
I6L0Zxi5Ww0zEWSAVgngeQ,Cafe Beignet on Bourbon Street,311 Bourbon St,New Orleans,LA,70130,29.955845,-90.0684361,3.5,1066,1,"{'GoodForKids': 'True', 'OutdoorSeating': 'True', 'RestaurantsDelivery': 'False', 'BusinessAcceptsCreditCards': 'True', 'Caters': 'False', 'HasTV': 'False', 'RestaurantsTakeOut': 'True', 'Alcohol': ""u'full_bar'"", 'RestaurantsGoodForGroups': 'True', 'RestaurantsReservations': 'False', 'WiFi': ""u'no'"", 'RestaurantsAttire': ""'casual'"", 'WheelchairAccessible': 'True', 'BusinessParking': ""{'garage': False, 'street': True, 'validated': False, 'lot': False, 'valet': False}"", 'ByAppointmentOnly': 'False', 'HappyHour': 'True', 'BikeParking': 'False', 'RestaurantsTableService': 'False', 'GoodForMeal': ""{'dessert': True, 'latenight': False, 'lunch': None, 'dinner': False, 'brunch': True, 'breakfast': True}"", 'RestaurantsPriceRange2': '2', 'Ambience': ""{'touristy': None, 'hipster': None, 'romantic': False, 'divey': False, 'intimate': False, 'trendy': False, 'upscale': False, 'classy': True, 'casual': True}"", 'DogsAllowed': 'True', 'NoiseLevel': ""u'loud'""}","Sandwiches, Breakfast & Brunch, Cajun/Creole, Cafes, Food, Restaurants, Donuts","{'Monday': '0:0-0:0', 'Tuesday': '8:0-15:0', 'Wednesday': '8:0-15:0', 'Thursday': '8:0-22:0', 'Friday': '8:0-22:0', 'Saturday': '8:0-22:0', 'Sunday': '8:0-22:0'}","['Sandwiches', ' Breakfast & Brunch', ' Cajun/Creole', ' Cafes', ' Food', ' Restaurants', ' Donuts']",Sandwiches
vN6v8m4DO45Z4pp8yxxF_w,Surrey's Caf√© & Juice Bar,1418 Magazine St,New Orleans,LA,70130,29.935799,-90.071906,4.5,2084,1,"{'RestaurantsTakeOut': 'True', 'RestaurantsPriceRange2': '2', 'WiFi': ""u'no'"", 'BYOBCorkage': ""'yes_free'"", 'BusinessParking': ""{'garage': False, 'street': True, 'validated': False, 'lot': False, 'valet': False}"", 'RestaurantsAttire': ""'casual'"", 'Corkage': 'False', 'Caters': 'False', 'Alcohol': ""'none'"", 'RestaurantsGoodForGroups': 'False', 'RestaurantsReservations': 'False', 'GoodForKids': 'True', 'HasTV': 'False', 'GoodForMeal': ""{'dessert': False, 'latenight': False, 'lunch': False, 'dinner': False, 'brunch': True, 'breakfast': True}"", 'ByAppointmentOnly': 'False', 'NoiseLevel': ""u'average'"", 'BusinessAcceptsCreditCards': 'True', 'OutdoorSeating': 'None', 'DogsAllowed': 'False', 'RestaurantsDelivery': 'None', 'Ambience': ""{'touristy': False, 'hipster': False, 'romantic': False, 'divey': False, 'intimate': False, 'trendy': False, 'upscale': False, 'classy': True, 'casual': True}"", 'BikeParking': 'False', 'HappyHour': 'False'}","Vegetarian, Restaurants, Breakfast & Brunch, Cafes, Juice Bars & Smoothies, Sandwiches, Food","{'Monday': '8:0-15:0', 'Thursday': '8:0-15:0', 'Friday': '8:0-15:0', 'Saturday': '8:0-15:0', 'Sunday': '8:0-15:0'}","['Vegetarian', ' Restaurants', ' Breakfast & Brunch', ' Cafes', ' Juice Bars & Smoothies', ' Sandwiches', ' Food']",Vegetarian
S2Ho8yLxhKAa26pBAm6rxA,Creole House Restaurant & Oyster Bar,509 Canal St,New Orleans,LA,70130,29.9522129,-90.0671158,4.0,1594,1,"{'WiFi': ""'free'"", 'RestaurantsAttire': ""u'casual'"", 'Alcohol': ""u'full_bar'"", 'BusinessParking': ""{'garage': False, 'street': True, 'validated': False, 'lot': False, 'valet': False}"", 'RestaurantsDelivery': 'True', 'WheelchairAccessible': 'True', 'RestaurantsTakeOut': 'True', 'OutdoorSeating': 'True', 'DogsAllowed': 'False', 'RestaurantsGoodForGroups': 'True', 'Caters': 'False', 'BikeParking': 'True', 'RestaurantsTableService': 'True', 'RestaurantsPriceRange2': '2', 'BYOB': 'False', 'BusinessAcceptsBitcoin': 'False', 'NoiseLevel': ""u'average'"", 'ByAppointmentOnly': 'False', 'HasTV': 'True', 'Ambience': ""{'touristy': True, 'hipster': False, 'romantic': False, 'divey': False, 'intimate': False, 'trendy': False, 'upscale': False, 'classy': True, 'casual': True}"", 'RestaurantsReservations': 'False', 'GoodForKids': 'True', 'GoodForMeal': ""{'dessert': None, 'latenight': True, 'lunch': True, 'dinner': True, 'brunch': True, 'breakfast': True}"", 'BusinessAcceptsCreditCards': 'True', 'HappyHour': 'False'}","Cajun/Creole, Seafood, Restaurants, Breakfast & Brunch","{'Monday': '7:0-23:0', 'Tuesday': '7:0-23:0', 'Wednesday': '7:0-23:0', 'Thursday': '7:0-23:0', 'Friday': '7:0-0:0', 'Saturday': '7:0-0:0', 'Sunday': '7:0-23:0'}","['Cajun/Creole', ' Seafood', ' Restaurants', ' Breakfast & Brunch']",Cajun/Creole
UUpwoAAZcJyUWOqp81_3mA,Cajun Encounters Tour Company,941 Decatur St,New Orleans,LA,70116,29.9591561,-90.0609009,4.5,1210,1,"{'WiFi': ""u'free'""}","Transportation, Boat Tours, Bus Tours, Tours, Walking Tours, Hotels & Travel, Historical Tours","{'Monday': '7:0-22:0', 'Tuesday': '7:0-22:0', 'Wednesday': '7:0-22:0', 'Thursday': '7:0-22:0', 'Friday': '7:0-22:0', 'Saturday': '7:0-22:0', 'Sunday': '7:0-22:0'}","['Transportation', ' Boat Tours', ' Bus Tours', ' Tours', ' Walking Tours', ' Hotels & Travel', ' Historical Tours']",Transportation
j8JOZvfeHEfUWq3gEz6ABQ,Bacchanal Fine Wine & Spirits,600 Poland Ave,New Orleans,LA,70117,29.959824,-90.033259,4.5,1156,1,"{'RestaurantsGoodForGroups': 'True', 'BikeParking': 'True', 'RestaurantsPriceRange2': '2', 'NoiseLevel': ""u'average'"", 'Alcohol': ""'full_bar'"", 'BestNights': ""{'monday': False, 'tuesday': False, 'friday': True, 'wednesday': False, 'thursday': False, 'sunday': True, 'saturday': True}"", 'Caters': 'False', 'BusinessParking': ""{'garage': False, 'street': True, 'validated': False, 'lot': False, 'valet': False}"", 'ByAppointmentOnly': 'False', 'HasTV': 'False', 'GoodForDancing': 'False', 'WiFi': ""'free'"", 'GoodForKids': 'False', 'DogsAllowed': 'False', 'CoatCheck': 'False', 'RestaurantsTakeOut': 'True', 'Smoking': ""u'outdoor'"", 'BusinessAcceptsCreditCards': 'True', 'Music': ""{'dj': False, 'background_music': False, 'no_music': False, 'jukebox': False, 'live': True, 'video': False, 'karaoke': False}"", 'RestaurantsAttire': ""u'casual'"", 'OutdoorSeating': 'True', 'WheelchairAccessible': 'True', 'RestaurantsReservations': 'True', 'RestaurantsDelivery': 'None', 'BYOB': 'False', 'Ambience': ""{'touristy': False, 'hipster': False, 'romantic': False, 'divey': False, 'intimate': False, 'trendy': False, 'upscale': False, 'classy': True, 'casual': True}""}","Jazz & Blues, Bars, Arts & Entertainment, Beer, Wine & Spirits, Wine Bars, Food, Nightlife","{'Monday': '0:0-0:0', 'Wednesday': '12:0-22:0', 'Thursday': '12:0-22:0', 'Friday': '12:0-23:0', 'Saturday': '12:0-23:0', 'Sunday': '12:0-23:0'}","['Jazz & Blues', ' Bars', ' Arts & Entertainment', ' Beer', ' Wine & Spirits', ' Wine Bars', ' Food', ' Nightlife']",Jazz & Blues
Zi-F-YvyVOK0k5QD7lrLOg,Muriel's Jackson Square,801 Chartres St,New Orleans,LA,70116,29.9584576,-90.063188,4.0,1963,1,"{'RestaurantsGoodForGroups': 'True', 'NoiseLevel': ""u'average'"", 'Caters': 'False', 'BusinessAcceptsCreditCards': 'True', 'RestaurantsPriceRange2': '3', 'HasTV': 'True', 'RestaurantsReservations': 'True', 'RestaurantsAttire': ""'dressy'"", 'Alcohol': ""'full_bar'"", 'Ambience': ""{'romantic': False, 'intimate': False, 'touristy': False, 'hipster': False, 'divey': False, 'classy': True, 'trendy': False, 'upscale': False, 'casual': False}"", 'BikeParking': 'True', 'WheelchairAccessible': 'True', 'RestaurantsDelivery': 'True', 'DogsAllowed': 'False', 'RestaurantsTakeOut': 'True', 'BusinessParking': ""{'garage': False, 'street': True, 'validated': True, 'lot': False, 'valet': False}"", 'WiFi': ""u'free'"", 'RestaurantsTableService': 'True', 'GoodForMeal': ""{'dessert': None, 'latenight': False, 'lunch': None, 'dinner': True, 'brunch': None, 'breakfast': False}"", 'HappyHour': 'True', 'GoodForKids': 'False', 'OutdoorSeating': 'False', 'Corkage': 'True'}","Cajun/Creole, Restaurants","{'Monday': '15:0-21:30', 'Tuesday': '15:0-21:30', 'Wednesday': '15:0-21:30', 'Thursday': '15:0-21:30', 'Friday': '15:0-22:0', 'Saturday': '15:0-22:0', 'Sunday': '15:0-21:30'}","['Cajun/Creole', ' Restaurants']",Cajun/Creole
DcBLYSvOuWcNReolRVr12A,Drago's Seafood Restaurant,2 Poydras St,New Orleans,LA,70140,29.9475628172,-90.0633108616,3.5,3160,1,"{'RestaurantsTakeOut': 'True', 'RestaurantsAttire': ""'casual'"", 'Alcohol': ""'full_bar'"", 'GoodForKids': 'True', 'RestaurantsPriceRange2': '2', 'RestaurantsGoodForGroups': 'True', 'NoiseLevel': ""u'average'"", 'WiFi': ""u'free'"", 'OutdoorSeating': 'False', 'RestaurantsReservations': 'True', 'BusinessAcceptsCreditCards': 'True', 'BusinessParking': ""{'garage': True, 'street': False, 'validated': True, 'lot': False, 'valet': True}"", 'BYOBCorkage': ""'no'"", 'BikeParking': 'True', 'Ambience': ""{'touristy': False, 'hipster': False, 'romantic': False, 'divey': False, 'intimate': False, 'trendy': False, 'upscale': False, 'classy': True, 'casual': True}"", 'Caters': 'False', 'HappyHour': 'True', 'DogsAllowed': 'False', 'RestaurantsDelivery': 'True', 'GoodForMeal': ""{'dessert': None, 'latenight': False, 'lunch': True, 'dinner': True, 'brunch': None, 'breakfast': False}"", 'ByAppointmentOnly': 'False', 'HasTV': 'True'}","Restaurants, Seafood","{'Monday': '11:0-22:0', 'Tuesday': '11:0-22:0', 'Wednesday': '11:0-22:0', 'Thursday': '11:0-22:0', 'Friday': '11:0-22:0', 'Saturday': '11:0-22:0', 'Sunday': '11:0-22:0'}","['Restaurants', ' Seafood']",Restaurants
mhrW9O0O5hXGXGnEYBVoag,Jacques-Imo's Cafe,8324 Oak St,New Orleans,LA,70118,29.9490417,-90.1322295,4.5,2406,1,"{'RestaurantsGoodForGroups': 'True', 'RestaurantsTakeOut': 'True', 'Alcohol': ""'full_bar'"", 'RestaurantsAttire': ""'casual'"", 'BusinessAcceptsCreditCards': 'True', 'BusinessParking': ""{'garage': False, 'street': True, 'validated': False, 'lot': False, 'valet': False}"", 'NoiseLevel': ""u'loud'"", 'Corkage': 'True', 'GoodForKids': 'True', 'RestaurantsReservations': 'True', 'RestaurantsPriceRange2': '2', 'BYOBCorkage': ""'no'"", 'DogsAllowed': 'False', 'GoodForMeal': ""{'dessert': False, 'latenight': False, 'lunch': False, 'dinner': True, 'brunch': False, 'breakfast': False}"", 'OutdoorSeating': 'None', 'Ambience': ""{'touristy': False, 'hipster': False, 'romantic': False, 'divey': False, 'intimate': False, 'trendy': False, 'upscale': False, 'classy': True, 'casual': True}"", 'BYOB': 'False', 'RestaurantsTableService': 'True', 'Open24Hours': 'False', 'RestaurantsDelivery': 'False', 'BusinessAcceptsBitcoin': 'False', 'BikeParking': 'False', 'WiFi': ""u'no'"", 'HasTV': 'False', 'HappyHour': 'False', 'Caters': 'True'}","Seafood, Cajun/Creole, Restaurants, Vegetarian","{'Monday': '0:0-0:0', 'Wednesday': '17:0-21:0', 'Thursday': '17:0-22:0', 'Friday': '17:0-22:0', 'Saturday': '16:0-22:0'}","['Seafood', ' Cajun/Creole', ' Restaurants', ' Vegetarian']",Seafood
hfbZ97Te3T4jeWN6GgsGrQ,Willa Jean,611 O'Keefe Ave,New Orleans,LA,70113,29.948321,-90.075122,4.0,2010,1,"{'BusinessParking': ""{'garage': False, 'street': True, 'validated': False, 'lot': False, 'valet': False}"", 'DogsAllowed': 'False', 'ByAppointmentOnly': 'False', 'RestaurantsAttire': ""u'casual'"", 'RestaurantsTableService': 'True', 'WheelchairAccessible': 'True', 'RestaurantsTakeOut': 'True', 'BusinessAcceptsCreditCards': 'True', 'BusinessAcceptsBitcoin': 'False', 'Caters': 'False', 'BikeParking': 'True', 'GoodForKids': 'True', 'RestaurantsPriceRange2': '2', 'WiFi': ""'no'"", 'NoiseLevel': ""u'average'"", 'Alcohol': ""u'full_bar'"", 'Ambience': ""{'touristy': False, 'hipster': True, 'romantic': False, 'divey': False, 'intimate': False, 'trendy': True, 'upscale': False, 'classy': True, 'casual': True}"", 'RestaurantsReservations': 'False', 'OutdoorSeating': 'True', 'HasTV': 'False', 'GoodForMeal': ""{'dessert': True, 'latenight': False, 'lunch': True, 'dinner': False, 'brunch': True, 'breakfast': True}"", 'HappyHour': 'True', 'RestaurantsDelivery': 'True', 'RestaurantsGoodForGroups': 'True'}","Bakeries, Breakfast & Brunch, Food, Restaurants, Coffee & Tea, Southern, Desserts, Cafes, American (New)","{'Monday': '8:0-14:0', 'Tuesday': '8:0-14:0', 'Wednesday': '8:0-14:0', 'Thursday': '8:0-14:0', 'Friday': '8:0-14:0', 'Saturday': '8:0-14:0', 'Sunday': '8:0-14:0'}","['Bakeries', ' Breakfast & Brunch', ' Food', ' Restaurants', ' Coffee & Tea', ' Southern', ' Desserts', ' Cafes', ' American (New)']",Bakeries
OCzo8T-76iJ_QVB2UX5SEQ,Killer Poboys,811 Conti St,New Orleans,LA,70112,29.9566317439,-90.067896514,4.0,1006,1,"{'WiFi': ""u'free'"", 'HasTV': 'True', 'Alcohol': ""u'full_bar'"", 'GoodForKids': 'False', 'NoiseLevel': ""u'loud'"", 'BusinessParking': ""{'garage': False, 'street': True, 'validated': False, 'lot': False, 'valet': False}"", 'RestaurantsAttire': ""u'casual'"", 'RestaurantsPriceRange2': '2', 'RestaurantsReservations': 'False', 'Caters': 'False', 'BikeParking': 'True', 'RestaurantsGoodForGroups': 'False', 'DogsAllowed': 'False', 'RestaurantsTakeOut': 'None', 'GoodForMeal': ""{'dessert': False, 'latenight': None, 'lunch': True, 'dinner': None, 'brunch': False, 'breakfast': False}"", 'Ambience': ""{'touristy': False, 'hipster': None, 'romantic': False, 'divey': True, 'intimate': False, 'trendy': False, 'upscale': False, 'classy': False, 'casual': None}"", 'RestaurantsDelivery': 'None', 'BusinessAcceptsCreditCards': 'True', 'OutdoorSeating': 'None'}","American (New), Sandwiches, Food, Cajun/Creole, Restaurants","{'Monday': '12:0-20:0', 'Wednesday': '12:0-20:0', 'Thursday': '12:0-20:0', 'Friday': '10:0-22:0', 'Saturday': '10:0-22:0', 'Sunday': '10:0-22:0'}","['American (New)', ' Sandwiches', ' Food', ' Cajun/Creole', ' Restaurants']",American (New)
